 [{
                "addressid": 1589,
                "amount": 1586,
                "created": 1589,
                "discountid": 200,
                "modified": 1589,
                "orderid": 123,
                "status": "ok",
                "userid": 1324
              },
            {
                "addressid": 2589,
                "amount": 586,
                "created": 1589,
                "discountid": 100,
                "modified": 1589,
                "orderid": 133,
                "status": "ok",
                "userid": 1000
              }]             